,predicted,Test Filename
0,0,BenchmarkTest00110
1,1,BenchmarkTest01975
2,0,BenchmarkTest00519
3,0,BenchmarkTest02307
4,0,BenchmarkTest00948
5,0,BenchmarkTest02580
6,0,BenchmarkTest01913
7,1,BenchmarkTest00465
8,0,BenchmarkTest01022
9,0,BenchmarkTest00914
10,0,BenchmarkTest01640
11,0,BenchmarkTest00792
12,1,BenchmarkTest02607
13,1,BenchmarkTest01969
14,0,BenchmarkTest02013
15,0,BenchmarkTest00642
16,0,BenchmarkTest01128
17,1,BenchmarkTest02499
18,0,BenchmarkTest00974
19,1,BenchmarkTest01307
20,0,BenchmarkTest02282
21,1,BenchmarkTest01928
22,1,BenchmarkTest02653
23,1,BenchmarkTest00239
24,1,BenchmarkTest02181
25,0,BenchmarkTest01294
26,1,BenchmarkTest02301
27,0,BenchmarkTest02522
28,0,BenchmarkTest02606
29,1,BenchmarkTest00518
30,0,BenchmarkTest02008
31,0,BenchmarkTest00185
32,0,BenchmarkTest00708
33,0,BenchmarkTest00778
34,0,BenchmarkTest02527
35,0,BenchmarkTest01268
36,0,BenchmarkTest00752
37,0,BenchmarkTest02603
38,0,BenchmarkTest01831
39,0,BenchmarkTest02522
40,0,BenchmarkTest00664
41,0,BenchmarkTest01012
42,0,BenchmarkTest02634
43,0,BenchmarkTest01978
44,0,BenchmarkTest01012
45,1,BenchmarkTest01741
46,0,BenchmarkTest02020
47,1,BenchmarkTest01051
48,1,BenchmarkTest00080
49,0,BenchmarkTest01464
50,0,BenchmarkTest01572
51,0,BenchmarkTest00487
52,1,BenchmarkTest00866
53,1,BenchmarkTest00157
54,0,BenchmarkTest00709
55,0,BenchmarkTest00005
56,0,BenchmarkTest01242
57,0,BenchmarkTest00789
58,1,BenchmarkTest02360
59,1,BenchmarkTest02142
60,0,BenchmarkTest00484
61,0,BenchmarkTest00692
62,0,BenchmarkTest02082
63,1,BenchmarkTest00488
64,0,BenchmarkTest00576
65,1,BenchmarkTest02193
66,0,BenchmarkTest01934
67,0,BenchmarkTest01765
68,1,BenchmarkTest00789
69,0,BenchmarkTest02615
70,0,BenchmarkTest00138
71,1,BenchmarkTest00053
72,0,BenchmarkTest01967
73,0,BenchmarkTest02701
74,0,BenchmarkTest01292
75,1,BenchmarkTest00037
76,1,BenchmarkTest01918
77,0,BenchmarkTest01572
78,1,BenchmarkTest01149
79,1,BenchmarkTest00954
80,1,BenchmarkTest00450
81,1,BenchmarkTest02433
82,0,BenchmarkTest00514
83,0,BenchmarkTest00334
84,0,BenchmarkTest00109
85,1,BenchmarkTest02455
86,1,BenchmarkTest01917
87,0,BenchmarkTest02567
88,1,BenchmarkTest02657
89,0,BenchmarkTest02289
90,0,BenchmarkTest00177
91,0,BenchmarkTest01484
92,0,BenchmarkTest01075
93,0,BenchmarkTest01321
94,0,BenchmarkTest02604
95,0,BenchmarkTest00169
96,0,BenchmarkTest02588
97,0,BenchmarkTest00184
98,0,BenchmarkTest02660
99,1,BenchmarkTest02361
100,0,BenchmarkTest00353
101,1,BenchmarkTest00355
102,1,BenchmarkTest00604
103,0,BenchmarkTest00345
104,1,BenchmarkTest01525
105,0,BenchmarkTest01296
106,0,BenchmarkTest00659
107,0,BenchmarkTest01126
108,1,BenchmarkTest01212
109,0,BenchmarkTest02000
110,0,BenchmarkTest00692
111,0,BenchmarkTest00512
112,0,BenchmarkTest02271
113,0,BenchmarkTest01278
114,1,BenchmarkTest02288
115,1,BenchmarkTest00944
116,0,BenchmarkTest00715
117,0,BenchmarkTest00314
118,1,BenchmarkTest00387
119,0,BenchmarkTest01612
120,0,BenchmarkTest00554
121,0,BenchmarkTest01075
122,0,BenchmarkTest02463
123,0,BenchmarkTest02226
124,1,BenchmarkTest02465
125,0,BenchmarkTest01102
126,0,BenchmarkTest00949
127,0,BenchmarkTest02171
128,0,BenchmarkTest01727
129,0,BenchmarkTest02719
130,0,BenchmarkTest01018
131,0,BenchmarkTest02515
132,0,BenchmarkTest01735
133,0,BenchmarkTest01311
134,0,BenchmarkTest00257
135,0,BenchmarkTest00055
136,0,BenchmarkTest01876
137,0,BenchmarkTest00650
138,0,BenchmarkTest02134
139,1,BenchmarkTest01328
140,1,BenchmarkTest01473
141,0,BenchmarkTest00367
142,0,BenchmarkTest00286
143,1,BenchmarkTest00677
144,0,BenchmarkTest00098
145,0,BenchmarkTest01021
146,0,BenchmarkTest00750
147,0,BenchmarkTest00391
148,0,BenchmarkTest02063
149,1,BenchmarkTest01491
150,0,BenchmarkTest02103
151,0,BenchmarkTest00121
152,1,BenchmarkTest02188
153,0,BenchmarkTest00466
154,0,BenchmarkTest00703
155,0,BenchmarkTest01366
156,0,BenchmarkTest01306
157,0,BenchmarkTest02234
158,1,BenchmarkTest00980
159,0,BenchmarkTest00454
160,0,BenchmarkTest00436
161,0,BenchmarkTest00417
162,0,BenchmarkTest01937
163,0,BenchmarkTest00957
164,0,BenchmarkTest02575
165,1,BenchmarkTest01317
166,0,BenchmarkTest01273
167,1,BenchmarkTest00997
168,0,BenchmarkTest00122
169,0,BenchmarkTest00468
170,0,BenchmarkTest01359
171,0,BenchmarkTest01895
172,0,BenchmarkTest01513
173,0,BenchmarkTest02661
174,0,BenchmarkTest01703
175,0,BenchmarkTest00033
176,1,BenchmarkTest01022
177,0,BenchmarkTest02435
178,0,BenchmarkTest02504
179,0,BenchmarkTest01131
180,1,BenchmarkTest00688
181,1,BenchmarkTest01113
182,0,BenchmarkTest01835
183,0,BenchmarkTest00129
184,0,BenchmarkTest01852
185,1,BenchmarkTest02353
186,1,BenchmarkTest01857
187,0,BenchmarkTest01323
188,0,BenchmarkTest02375
189,0,BenchmarkTest01015
190,0,BenchmarkTest02190
191,1,BenchmarkTest01282
192,1,BenchmarkTest01859
193,0,BenchmarkTest00967
194,1,BenchmarkTest00779
195,1,BenchmarkTest01166
196,1,BenchmarkTest02683
197,0,BenchmarkTest01557
198,0,BenchmarkTest00412
199,0,BenchmarkTest01958
200,0,BenchmarkTest00068
201,0,BenchmarkTest02217
202,0,BenchmarkTest01140
203,0,BenchmarkTest00587
204,0,BenchmarkTest01376
205,0,BenchmarkTest01568
206,0,BenchmarkTest00532
207,0,BenchmarkTest02295
208,0,BenchmarkTest00277
209,1,BenchmarkTest00562
210,0,BenchmarkTest01635
211,1,BenchmarkTest02400
212,0,BenchmarkTest01950
213,0,BenchmarkTest01127
214,1,BenchmarkTest01312
215,0,BenchmarkTest00663
216,1,BenchmarkTest00602
217,0,BenchmarkTest01271
218,0,BenchmarkTest01065
219,0,BenchmarkTest01879
220,0,BenchmarkTest00128
221,1,BenchmarkTest01472
222,0,BenchmarkTest00959
223,0,BenchmarkTest02603
224,1,BenchmarkTest02594
225,0,BenchmarkTest02585
226,1,BenchmarkTest00055
227,1,BenchmarkTest02660
228,1,BenchmarkTest01151
229,1,BenchmarkTest00491
230,0,BenchmarkTest02442
231,0,BenchmarkTest00555
232,0,BenchmarkTest01886
233,0,BenchmarkTest00037
234,0,BenchmarkTest00987
235,1,BenchmarkTest02658
236,0,BenchmarkTest01534
237,0,BenchmarkTest00246
238,0,BenchmarkTest01226
239,0,BenchmarkTest02293
240,0,BenchmarkTest00694
241,1,BenchmarkTest01464
242,0,BenchmarkTest02173
243,0,BenchmarkTest01670
244,1,BenchmarkTest02026
245,0,BenchmarkTest00869
246,0,BenchmarkTest01410
247,1,BenchmarkTest01155
248,0,BenchmarkTest02011
249,0,BenchmarkTest02481
250,0,BenchmarkTest02139
251,0,BenchmarkTest00674
252,0,BenchmarkTest00981
253,0,BenchmarkTest02600
254,0,BenchmarkTest00845
255,1,BenchmarkTest00595
256,0,BenchmarkTest01585
257,0,BenchmarkTest01640
258,1,BenchmarkTest00204
259,0,BenchmarkTest01999
260,1,BenchmarkTest00380
261,0,BenchmarkTest02337
262,1,BenchmarkTest01761
263,1,BenchmarkTest02612
264,0,BenchmarkTest01330
265,1,BenchmarkTest01396
266,0,BenchmarkTest00800
267,0,BenchmarkTest00008
268,0,BenchmarkTest00446
269,0,BenchmarkTest01942
270,1,BenchmarkTest00522
271,1,BenchmarkTest02291
272,0,BenchmarkTest01478
273,0,BenchmarkTest00570
274,0,BenchmarkTest01695
275,1,BenchmarkTest01888
276,0,BenchmarkTest02007
277,0,BenchmarkTest00042
278,0,BenchmarkTest01465
279,0,BenchmarkTest01603
280,0,BenchmarkTest02063
281,0,BenchmarkTest02161
282,0,BenchmarkTest00561
283,0,BenchmarkTest01954
284,1,BenchmarkTest02710
285,1,BenchmarkTest02355
286,0,BenchmarkTest02298
287,1,BenchmarkTest00814
288,0,BenchmarkTest02472
289,1,BenchmarkTest01518
290,0,BenchmarkTest00685
291,0,BenchmarkTest01202
292,1,BenchmarkTest00425
293,1,BenchmarkTest00404
294,0,BenchmarkTest00912
295,0,BenchmarkTest02201
296,1,BenchmarkTest00092
297,0,BenchmarkTest02377
298,0,BenchmarkTest01228
299,0,BenchmarkTest02010
300,0,BenchmarkTest01795
301,0,BenchmarkTest01198
302,0,BenchmarkTest01261
303,0,BenchmarkTest02073
304,0,BenchmarkTest02498
305,0,BenchmarkTest02232
306,0,BenchmarkTest01612
307,1,BenchmarkTest02090
308,0,BenchmarkTest01929
309,1,BenchmarkTest01129
310,0,BenchmarkTest00868
311,0,BenchmarkTest00275
312,0,BenchmarkTest00392
313,1,BenchmarkTest02191
314,0,BenchmarkTest00723
315,0,BenchmarkTest01503
316,0,BenchmarkTest01562
317,0,BenchmarkTest00857
318,1,BenchmarkTest01067
319,0,BenchmarkTest01199
320,0,BenchmarkTest02322
321,0,BenchmarkTest02284
322,0,BenchmarkTest00793
323,0,BenchmarkTest01626
324,0,BenchmarkTest02605
325,0,BenchmarkTest00142
326,0,BenchmarkTest00455
327,0,BenchmarkTest00572
328,0,BenchmarkTest01399
329,0,BenchmarkTest01435
330,1,BenchmarkTest01502
331,0,BenchmarkTest02346
332,0,BenchmarkTest00916
333,1,BenchmarkTest01174
334,0,BenchmarkTest00871
335,0,BenchmarkTest02445
336,0,BenchmarkTest00722
337,0,BenchmarkTest00402
338,0,BenchmarkTest00689
339,0,BenchmarkTest00026
340,0,BenchmarkTest00118
341,1,BenchmarkTest00079
342,0,BenchmarkTest00768
343,0,BenchmarkTest00210
344,0,BenchmarkTest00912
345,0,BenchmarkTest00974
346,1,BenchmarkTest02289
347,0,BenchmarkTest00046
348,1,BenchmarkTest00168
349,0,BenchmarkTest01980
350,0,BenchmarkTest00231
351,1,BenchmarkTest00684
352,0,BenchmarkTest01571
353,1,BenchmarkTest02419
354,0,BenchmarkTest00172
355,0,BenchmarkTest00060
356,0,BenchmarkTest01750
357,0,BenchmarkTest00686
358,0,BenchmarkTest00959
359,1,BenchmarkTest00435
360,1,BenchmarkTest01407
361,0,BenchmarkTest01993
362,1,BenchmarkTest01733
363,1,BenchmarkTest02017
364,0,BenchmarkTest00023
365,0,BenchmarkTest02000
366,0,BenchmarkTest02438
367,0,BenchmarkTest01102
368,0,BenchmarkTest00092
369,0,BenchmarkTest02463
370,0,BenchmarkTest01339
371,0,BenchmarkTest00967
372,0,BenchmarkTest01229
373,0,BenchmarkTest01183
374,0,BenchmarkTest02256
375,0,BenchmarkTest02708
376,1,BenchmarkTest00368
377,0,BenchmarkTest02548
378,0,BenchmarkTest00298
379,0,BenchmarkTest01862
380,1,BenchmarkTest00151
381,1,BenchmarkTest01398
382,1,BenchmarkTest00499
383,0,BenchmarkTest02209
384,0,BenchmarkTest01413
385,0,BenchmarkTest00828
386,1,BenchmarkTest01024
387,1,BenchmarkTest00840
388,0,BenchmarkTest02321
389,0,BenchmarkTest00543
390,0,BenchmarkTest00779
391,0,BenchmarkTest01027
392,1,BenchmarkTest00812
393,0,BenchmarkTest01570
394,0,BenchmarkTest00346
395,0,BenchmarkTest01403
396,0,BenchmarkTest00786
397,0,BenchmarkTest02097
398,0,BenchmarkTest01895
399,0,BenchmarkTest00415
400,1,BenchmarkTest01095
401,0,BenchmarkTest01649
402,0,BenchmarkTest01862
403,0,BenchmarkTest00351
404,0,BenchmarkTest01279
405,1,BenchmarkTest01507
406,0,BenchmarkTest01447
407,0,BenchmarkTest01013
408,0,BenchmarkTest00983
409,1,BenchmarkTest01306
410,0,BenchmarkTest02498
411,1,BenchmarkTest00159
412,1,BenchmarkTest01890
413,1,BenchmarkTest01690
414,0,BenchmarkTest02464
415,1,BenchmarkTest02252
416,0,BenchmarkTest00545
417,0,BenchmarkTest02175
418,1,BenchmarkTest01489
419,1,BenchmarkTest02484
420,0,BenchmarkTest00380
421,1,BenchmarkTest00347
422,0,BenchmarkTest00563
423,0,BenchmarkTest00771
424,0,BenchmarkTest01737
425,1,BenchmarkTest02551
426,0,BenchmarkTest02117
427,0,BenchmarkTest00213
428,0,BenchmarkTest02474
429,0,BenchmarkTest01190
430,0,BenchmarkTest01841
431,0,BenchmarkTest00946
432,1,BenchmarkTest00325
433,0,BenchmarkTest01137
434,0,BenchmarkTest01129
435,0,BenchmarkTest00667
436,0,BenchmarkTest01839
437,0,BenchmarkTest01576
438,1,BenchmarkTest02659
439,1,BenchmarkTest00344
440,1,BenchmarkTest01134
441,0,BenchmarkTest02184
442,0,BenchmarkTest01255
443,1,BenchmarkTest01894
444,0,BenchmarkTest01687
445,0,BenchmarkTest01311
446,1,BenchmarkTest01475
447,0,BenchmarkTest02190
448,0,BenchmarkTest02370
449,1,BenchmarkTest00685
450,0,BenchmarkTest02187
451,0,BenchmarkTest02151
452,1,BenchmarkTest00084
453,0,BenchmarkTest01715
454,0,BenchmarkTest02661
455,1,BenchmarkTest00670
456,0,BenchmarkTest01371
457,0,BenchmarkTest00409
458,1,BenchmarkTest00327
459,0,BenchmarkTest00349
460,0,BenchmarkTest00785
461,1,BenchmarkTest01653
462,0,BenchmarkTest01296
463,1,BenchmarkTest00449
464,0,BenchmarkTest01062
465,0,BenchmarkTest01545
466,1,BenchmarkTest00822
467,0,BenchmarkTest00088
468,0,BenchmarkTest00022
469,1,BenchmarkTest02373
470,0,BenchmarkTest00751
471,0,BenchmarkTest01974
472,1,BenchmarkTest01017
473,0,BenchmarkTest01077
474,1,BenchmarkTest01744
475,0,BenchmarkTest00625
476,0,BenchmarkTest02435
477,1,BenchmarkTest00699
478,0,BenchmarkTest00988
479,0,BenchmarkTest02543
480,1,BenchmarkTest02251
481,1,BenchmarkTest01471
482,0,BenchmarkTest01699
483,0,BenchmarkTest01706
484,1,BenchmarkTest00853
485,0,BenchmarkTest00128
486,0,BenchmarkTest01011
487,0,BenchmarkTest02004
488,0,BenchmarkTest02425
489,0,BenchmarkTest01479
490,0,BenchmarkTest00461
491,1,BenchmarkTest00257
492,0,BenchmarkTest02728
493,1,BenchmarkTest01083
494,0,BenchmarkTest00413
495,0,BenchmarkTest00024
496,0,BenchmarkTest01639
497,0,BenchmarkTest02071
498,0,BenchmarkTest00828
499,0,BenchmarkTest00601
500,0,BenchmarkTest00078
501,0,BenchmarkTest01451
502,0,BenchmarkTest01076
503,1,BenchmarkTest01310
504,1,BenchmarkTest02653
505,0,BenchmarkTest02558
506,0,BenchmarkTest00666
507,1,BenchmarkTest00771
508,0,BenchmarkTest00798
509,0,BenchmarkTest01567
510,1,BenchmarkTest01521
511,0,BenchmarkTest02143
512,0,BenchmarkTest02563
513,0,BenchmarkTest01715
514,0,BenchmarkTest02301
515,1,BenchmarkTest02179
516,0,BenchmarkTest00188
517,0,BenchmarkTest02508
518,0,BenchmarkTest02193
519,0,BenchmarkTest01639
520,0,BenchmarkTest02158
521,0,BenchmarkTest01486
522,0,BenchmarkTest01611
523,0,BenchmarkTest02437
524,0,BenchmarkTest01454
525,0,BenchmarkTest01241
526,1,BenchmarkTest00903
527,0,BenchmarkTest00747
528,1,BenchmarkTest00300
529,0,BenchmarkTest00420
530,0,BenchmarkTest01198
531,0,BenchmarkTest01636
532,0,BenchmarkTest00350
533,1,BenchmarkTest00203
534,0,BenchmarkTest02144
535,0,BenchmarkTest01192
536,0,BenchmarkTest00459
537,1,BenchmarkTest02420
538,0,BenchmarkTest01000
539,1,BenchmarkTest01855
540,0,BenchmarkTest00345
541,0,BenchmarkTest02108
542,1,BenchmarkTest00680
543,0,BenchmarkTest02255
544,0,BenchmarkTest01318
545,1,BenchmarkTest01886
546,1,BenchmarkTest01173
547,1,BenchmarkTest02063
548,0,BenchmarkTest00299
549,0,BenchmarkTest02425
550,1,BenchmarkTest01282
551,1,BenchmarkTest00469
552,0,BenchmarkTest02198
553,1,BenchmarkTest01093
554,0,BenchmarkTest01661
555,0,BenchmarkTest00528
556,0,BenchmarkTest00074
557,1,BenchmarkTest02639
558,0,BenchmarkTest00054
559,1,BenchmarkTest00554
560,0,BenchmarkTest00085
561,0,BenchmarkTest01910
562,0,BenchmarkTest00779
563,0,BenchmarkTest01617
564,0,BenchmarkTest02632
565,1,BenchmarkTest00942
566,1,BenchmarkTest00362
567,1,BenchmarkTest01330
568,0,BenchmarkTest01519
569,0,BenchmarkTest00106
570,0,BenchmarkTest00901
571,1,BenchmarkTest00950
572,0,BenchmarkTest00908
573,0,BenchmarkTest01865
574,0,BenchmarkTest01827
575,0,BenchmarkTest00944
576,0,BenchmarkTest00417
577,0,BenchmarkTest01250
578,0,BenchmarkTest00197
579,0,BenchmarkTest02180
580,0,BenchmarkTest01694
581,1,BenchmarkTest00537
582,0,BenchmarkTest01778
583,1,BenchmarkTest01588
584,0,BenchmarkTest00746
585,1,BenchmarkTest01620
586,0,BenchmarkTest01276
587,1,BenchmarkTest00836
588,0,BenchmarkTest02355
589,0,BenchmarkTest01959
590,0,BenchmarkTest01058
591,0,BenchmarkTest01076
592,0,BenchmarkTest00695
593,0,BenchmarkTest02203
594,1,BenchmarkTest00254
595,0,BenchmarkTest01486
596,0,BenchmarkTest01632
597,0,BenchmarkTest01719
598,0,BenchmarkTest01603
599,0,BenchmarkTest00575
600,0,BenchmarkTest01903
601,0,BenchmarkTest01632
602,0,BenchmarkTest00795
603,1,BenchmarkTest02500
604,0,BenchmarkTest02368
605,1,BenchmarkTest00059
606,0,BenchmarkTest00417
607,0,BenchmarkTest02605
608,0,BenchmarkTest00123
609,0,BenchmarkTest02314
610,0,BenchmarkTest00237
611,1,BenchmarkTest02021
612,0,BenchmarkTest00488
613,0,BenchmarkTest00691
614,0,BenchmarkTest00140
615,1,BenchmarkTest01603
616,1,BenchmarkTest02588
617,0,BenchmarkTest02551
618,0,BenchmarkTest02475
619,0,BenchmarkTest00487
620,0,BenchmarkTest02438
621,0,BenchmarkTest00920
622,1,BenchmarkTest00852
623,0,BenchmarkTest01597
624,1,BenchmarkTest00723
625,1,BenchmarkTest00166
626,0,BenchmarkTest01343
627,0,BenchmarkTest02673
628,0,BenchmarkTest01434
629,0,BenchmarkTest01785
630,0,BenchmarkTest01543
631,0,BenchmarkTest01023
632,0,BenchmarkTest02430
633,0,BenchmarkTest01244
634,0,BenchmarkTest01971
635,1,BenchmarkTest00081
636,0,BenchmarkTest00736
637,0,BenchmarkTest01467
638,0,BenchmarkTest01951
639,1,BenchmarkTest01486
640,0,BenchmarkTest01877
641,0,BenchmarkTest00206
642,0,BenchmarkTest02363
643,0,BenchmarkTest00947
644,0,BenchmarkTest00817
645,0,BenchmarkTest01449
646,0,BenchmarkTest01086
647,0,BenchmarkTest00552
648,0,BenchmarkTest02156
649,0,BenchmarkTest02266
650,0,BenchmarkTest00724
651,0,BenchmarkTest02437
652,0,BenchmarkTest02349
653,0,BenchmarkTest00057
654,1,BenchmarkTest02291
655,1,BenchmarkTest02267
656,0,BenchmarkTest01006
657,0,BenchmarkTest00328
658,1,BenchmarkTest01481
659,0,BenchmarkTest00846
660,0,BenchmarkTest02521
661,0,BenchmarkTest01002
662,1,BenchmarkTest02707
663,0,BenchmarkTest02480
664,0,BenchmarkTest01501
665,0,BenchmarkTest00059
666,1,BenchmarkTest01785
667,0,BenchmarkTest00599
668,1,BenchmarkTest00615
669,0,BenchmarkTest00803
670,0,BenchmarkTest01544
671,1,BenchmarkTest02321
672,0,BenchmarkTest00238
673,0,BenchmarkTest00174
674,0,BenchmarkTest02549
675,0,BenchmarkTest02610
676,0,BenchmarkTest00726
677,0,BenchmarkTest01434
678,0,BenchmarkTest02199
679,0,BenchmarkTest01023
680,1,BenchmarkTest02458
681,0,BenchmarkTest01325
682,1,BenchmarkTest02404
683,0,BenchmarkTest00604
684,1,BenchmarkTest02293
685,0,BenchmarkTest01793
686,1,BenchmarkTest02332
687,0,BenchmarkTest00943
688,0,BenchmarkTest00492
689,1,BenchmarkTest02064
690,0,BenchmarkTest01366
691,1,BenchmarkTest01375
692,0,BenchmarkTest01867
693,1,BenchmarkTest01875
694,0,BenchmarkTest01321
695,1,BenchmarkTest01506
696,1,BenchmarkTest02295
697,0,BenchmarkTest02253
698,1,BenchmarkTest01231
699,1,BenchmarkTest02024
700,1,BenchmarkTest01228
701,1,BenchmarkTest00899
702,0,BenchmarkTest02584
703,1,BenchmarkTest01382
704,0,BenchmarkTest02506
705,0,BenchmarkTest01639
706,0,BenchmarkTest02298
707,0,BenchmarkTest02569
708,0,BenchmarkTest01680
709,0,BenchmarkTest00389
710,1,BenchmarkTest02306
711,1,BenchmarkTest00296
712,0,BenchmarkTest00476
713,0,BenchmarkTest01014
714,0,BenchmarkTest00654
715,0,BenchmarkTest02293
716,1,BenchmarkTest00033
717,0,BenchmarkTest00890
718,0,BenchmarkTest00227
719,1,BenchmarkTest01901
720,0,BenchmarkTest01197
721,0,BenchmarkTest02132
722,0,BenchmarkTest00243
723,0,BenchmarkTest01209
724,0,BenchmarkTest00965
725,0,BenchmarkTest00950
726,0,BenchmarkTest01707
727,0,BenchmarkTest02064
728,0,BenchmarkTest01128
729,1,BenchmarkTest02253
730,0,BenchmarkTest00956
731,0,BenchmarkTest00964
732,0,BenchmarkTest00856
733,0,BenchmarkTest01337
734,0,BenchmarkTest00783
735,0,BenchmarkTest02002
736,1,BenchmarkTest00517
737,0,BenchmarkTest02179
738,0,BenchmarkTest02562
739,0,BenchmarkTest00766
740,0,BenchmarkTest02543
741,0,BenchmarkTest00109
742,0,BenchmarkTest02273
743,0,BenchmarkTest00160
744,0,BenchmarkTest02167
745,0,BenchmarkTest00751
746,0,BenchmarkTest02575
747,0,BenchmarkTest01259
748,1,BenchmarkTest02262
749,0,BenchmarkTest02702
750,0,BenchmarkTest00254
751,0,BenchmarkTest01871
752,0,BenchmarkTest01133
753,0,BenchmarkTest01461
754,0,BenchmarkTest00207
755,1,BenchmarkTest00703
756,0,BenchmarkTest02473
757,0,BenchmarkTest01164
758,0,BenchmarkTest00604
759,0,BenchmarkTest02192
760,1,BenchmarkTest02018
761,0,BenchmarkTest01278
762,0,BenchmarkTest00483
763,0,BenchmarkTest02246
764,0,BenchmarkTest02111
765,1,BenchmarkTest02469
766,0,BenchmarkTest01698
767,0,BenchmarkTest00742
768,0,BenchmarkTest02291
769,0,BenchmarkTest02018
770,0,BenchmarkTest02419
771,0,BenchmarkTest00603
772,0,BenchmarkTest01005
773,0,BenchmarkTest01367
774,0,BenchmarkTest00581
775,1,BenchmarkTest01465
776,0,BenchmarkTest01654
777,0,BenchmarkTest01923
778,1,BenchmarkTest00571
779,0,BenchmarkTest00199
780,1,BenchmarkTest01223
781,0,BenchmarkTest02631
782,0,BenchmarkTest01275
783,0,BenchmarkTest01122
784,0,BenchmarkTest00985
785,0,BenchmarkTest02352
786,0,BenchmarkTest02373
787,0,BenchmarkTest01005
788,0,BenchmarkTest02066
789,0,BenchmarkTest01195
790,1,BenchmarkTest01107
791,0,BenchmarkTest01574
792,1,BenchmarkTest01116
793,0,BenchmarkTest01324
794,0,BenchmarkTest00420
795,0,BenchmarkTest00515
796,0,BenchmarkTest02599
797,0,BenchmarkTest01698
798,0,BenchmarkTest00058
799,1,BenchmarkTest02603
800,1,BenchmarkTest02052
801,1,BenchmarkTest02098
802,0,BenchmarkTest00245
803,0,BenchmarkTest02499
804,1,BenchmarkTest02424
805,0,BenchmarkTest00445
806,1,BenchmarkTest00027
807,0,BenchmarkTest00450
808,0,BenchmarkTest00966
809,1,BenchmarkTest01046
810,0,BenchmarkTest01531
811,1,BenchmarkTest01275
812,0,BenchmarkTest02657
813,1,BenchmarkTest02626
814,0,BenchmarkTest00973
815,0,BenchmarkTest00999
816,0,BenchmarkTest02573
817,0,BenchmarkTest01483
818,1,BenchmarkTest01682
819,0,BenchmarkTest00456
820,0,BenchmarkTest00955
821,0,BenchmarkTest01149
822,1,BenchmarkTest01063
823,0,BenchmarkTest00985
824,0,BenchmarkTest01565
825,0,BenchmarkTest02008
826,0,BenchmarkTest02075
827,0,BenchmarkTest02617
828,0,BenchmarkTest00094
829,0,BenchmarkTest01458
830,1,BenchmarkTest02592
831,0,BenchmarkTest00486
832,0,BenchmarkTest01006
833,0,BenchmarkTest01536
834,0,BenchmarkTest02606
835,0,BenchmarkTest01291
836,0,BenchmarkTest01829
837,0,BenchmarkTest02295
838,0,BenchmarkTest00717
839,1,BenchmarkTest02287
840,0,BenchmarkTest02481
841,0,BenchmarkTest01827
842,0,BenchmarkTest00258
843,0,BenchmarkTest00130
844,0,BenchmarkTest00228
845,0,BenchmarkTest01702
846,0,BenchmarkTest01277
847,0,BenchmarkTest02001
848,0,BenchmarkTest02561
849,0,BenchmarkTest00054
850,0,BenchmarkTest02076
851,0,BenchmarkTest00001
852,0,BenchmarkTest00529
853,0,BenchmarkTest00230
854,0,BenchmarkTest02304
855,0,BenchmarkTest01614
856,0,BenchmarkTest00245
857,0,BenchmarkTest01865
858,0,BenchmarkTest00553
859,0,BenchmarkTest01317
860,0,BenchmarkTest02160
861,0,BenchmarkTest01569
862,0,BenchmarkTest00062
863,0,BenchmarkTest01007
864,1,BenchmarkTest00459
865,0,BenchmarkTest02289
866,0,BenchmarkTest02658
867,0,BenchmarkTest00757
868,1,BenchmarkTest01351
869,0,BenchmarkTest00829
870,0,BenchmarkTest02374
871,0,BenchmarkTest00332
872,0,BenchmarkTest01861
873,0,BenchmarkTest01018
874,0,BenchmarkTest00443
875,0,BenchmarkTest00507
876,0,BenchmarkTest00654
877,0,BenchmarkTest00180
878,0,BenchmarkTest01627
879,0,BenchmarkTest00591
880,0,BenchmarkTest00296
881,0,BenchmarkTest00497
882,0,BenchmarkTest00056
883,0,BenchmarkTest02290
884,0,BenchmarkTest01947
885,0,BenchmarkTest02134
886,0,BenchmarkTest02630
887,0,BenchmarkTest01077
888,0,BenchmarkTest00487
889,0,BenchmarkTest01497
890,0,BenchmarkTest02616
891,0,BenchmarkTest02564
892,0,BenchmarkTest02349
893,1,BenchmarkTest01663
894,1,BenchmarkTest01853
895,0,BenchmarkTest00992
896,0,BenchmarkTest02267
897,0,BenchmarkTest02039
898,0,BenchmarkTest01756
899,0,BenchmarkTest02172
900,1,BenchmarkTest00281
901,0,BenchmarkTest01460
902,0,BenchmarkTest00577
903,0,BenchmarkTest01606
904,0,BenchmarkTest01563
905,1,BenchmarkTest01831
906,0,BenchmarkTest02273
907,1,BenchmarkTest01246
908,0,BenchmarkTest00757
909,0,BenchmarkTest00951
910,1,BenchmarkTest02651
911,0,BenchmarkTest02009
912,1,BenchmarkTest01457
913,0,BenchmarkTest02646
914,0,BenchmarkTest00565
915,0,BenchmarkTest01184
916,1,BenchmarkTest01976
917,0,BenchmarkTest00945
918,0,BenchmarkTest01866
919,1,BenchmarkTest01815
920,1,BenchmarkTest00016
921,1,BenchmarkTest00818
922,0,BenchmarkTest02509
923,0,BenchmarkTest02262
924,0,BenchmarkTest02256
925,1,BenchmarkTest02156
926,0,BenchmarkTest02011
927,0,BenchmarkTest02296
928,0,BenchmarkTest02659
929,0,BenchmarkTest02718
930,0,BenchmarkTest02348
931,0,BenchmarkTest00108
932,1,BenchmarkTest00073
933,0,BenchmarkTest00003
934,0,BenchmarkTest01599
935,0,BenchmarkTest02032
936,0,BenchmarkTest00219
937,0,BenchmarkTest02704
938,0,BenchmarkTest02645
939,0,BenchmarkTest01348
940,1,BenchmarkTest01358
941,0,BenchmarkTest01148
942,1,BenchmarkTest00521
943,0,BenchmarkTest00395
944,0,BenchmarkTest01976
945,1,BenchmarkTest00482
946,0,BenchmarkTest02109
947,0,BenchmarkTest02227
948,1,BenchmarkTest01425
949,0,BenchmarkTest02436
950,0,BenchmarkTest00063
951,0,BenchmarkTest01609
952,0,BenchmarkTest00311
953,1,BenchmarkTest00146
954,1,BenchmarkTest01236
955,0,BenchmarkTest00913
956,1,BenchmarkTest02448
957,0,BenchmarkTest00524
958,0,BenchmarkTest00721
959,0,BenchmarkTest01137
960,0,BenchmarkTest00658
961,0,BenchmarkTest00400
962,0,BenchmarkTest00591
963,1,BenchmarkTest00768
964,1,BenchmarkTest01639
965,0,BenchmarkTest01124
966,0,BenchmarkTest00350
967,0,BenchmarkTest01297
968,0,BenchmarkTest00902
969,0,BenchmarkTest02310
970,0,BenchmarkTest00615
971,0,BenchmarkTest00385
972,0,BenchmarkTest01434
973,0,BenchmarkTest00122
974,0,BenchmarkTest00208
975,0,BenchmarkTest00337
976,0,BenchmarkTest01726
977,1,BenchmarkTest02068
978,0,BenchmarkTest02502
979,0,BenchmarkTest00502
980,1,BenchmarkTest02039
981,1,BenchmarkTest00269
982,0,BenchmarkTest00919
983,1,BenchmarkTest01932
984,0,BenchmarkTest00004
985,0,BenchmarkTest02365
986,0,BenchmarkTest01848
987,0,BenchmarkTest01238
988,0,BenchmarkTest01353
989,0,BenchmarkTest02716
990,0,BenchmarkTest01453
991,0,BenchmarkTest00563
992,0,BenchmarkTest00596
993,1,BenchmarkTest00063
994,0,BenchmarkTest00472
995,1,BenchmarkTest02475
996,0,BenchmarkTest01877
997,0,BenchmarkTest01060
998,0,BenchmarkTest00405
999,1,BenchmarkTest02525
1000,0,BenchmarkTest00442
1001,0,BenchmarkTest01941
1002,1,BenchmarkTest01233
1003,0,BenchmarkTest00117
1004,0,BenchmarkTest00118
1005,0,BenchmarkTest02283
1006,0,BenchmarkTest02602
1007,0,BenchmarkTest00105
1008,1,BenchmarkTest01008
1009,0,BenchmarkTest02539
1010,1,BenchmarkTest00437
1011,0,BenchmarkTest02719
1012,1,BenchmarkTest00576
1013,0,BenchmarkTest00952
1014,0,BenchmarkTest00686
1015,0,BenchmarkTest01788
1016,0,BenchmarkTest01860
1017,0,BenchmarkTest00902
1018,1,BenchmarkTest00605
1019,0,BenchmarkTest01307
1020,0,BenchmarkTest00085
1021,0,BenchmarkTest02027
1022,0,BenchmarkTest00124
1023,0,BenchmarkTest02706
1024,1,BenchmarkTest00863
1025,0,BenchmarkTest01015
1026,0,BenchmarkTest00945
